[
  {
    "targets": [
      "192.168.10.2:9100"
    ],
    "labels": {
      "job": "node_exporter"
    }
  },
  {
    "targets": [
      "192.168.10.3:9100"
    ],
    "labels": {
      "job": "node_exporter"
    }
  },
  {
    "targets": [
      "192.168.10.4:9100"
    ],
    "labels": {
      "job": "node_exporter"
    }
  },
  {
    "targets": [
      "192.168.10.5:9100"
    ],
    "labels": {
      "job": "node_exporter"
    }
  },
  {
    "targets": [
      "192.168.10.6:9100"
    ],
    "labels": {
      "job": "node_exporter"
    }
  },
  {
    "targets": [
      "192.168.10.7:9100"
    ],
    "labels": {
      "job": "node_exporter"
    }
  },
  {
    "targets": [
      "192.168.10.8:9100"
    ],
    "labels": {
      "job": "node_exporter"
    }
  },
  {
    "targets": [
      "192.168.10.9:9100"
    ],
    "labels": {
      "job": "node_exporter"
    }
  }
]
